"","I01","I02","I03","I04","I05","I06","I07","I08","I09","I10","I11","I12","I13","I14","I15","I16","I17","I18","I19","I20","I21","I22","I23","I24","I25","I26","I27","I28","I29","I30","I31","I32","I33","I34","I35","I36","I37","I38","I39","I40"
"E001",1,0,0,1,1,1,1,0,1,0,0,1,1,0,0,1,1,1,1,1,0,0,1,1,1,1,1,0,0,0,0,1,1,0,1,1,1,1,1,0
"E002",1,0,0,1,0,0,0,1,0,0,0,1,0,0,0,0,0,1,0,0,0,1,0,0,0,1,1,1,0,0,0,0,0,0,0,0,0,0,0,0
"E003",1,0,1,1,1,1,1,1,1,1,0,0,0,1,0,1,0,1,0,1,0,1,1,0,1,1,1,0,0,0,0,1,0,0,0,1,1,1,1,0
"E004",1,1,0,1,1,1,0,0,1,0,0,0,1,0,0,1,1,0,1,0,0,0,1,0,1,0,1,0,0,0,0,1,0,0,0,1,0,0,1,0
"E005",1,1,0,1,0,0,1,0,0,0,0,1,0,0,0,1,1,1,1,1,0,0,0,0,0,1,0,0,0,0,0,1,0,1,1,1,0,0,0,0
"E006",0,0,0,0,0,0,0,0,0,0,0,0,1,0,0,0,0,0,0,1,0,0,0,0,1,0,0,0,0,0,0,0,0,0,0,0,1,0,0,0
"E007",0,0,0,1,0,0,1,1,0,1,0,0,1,1,0,0,0,0,1,0,0,0,1,0,0,1,0,0,0,0,0,1,0,0,1,0,1,1,0,0
"E008",1,0,1,1,0,0,0,0,0,1,0,1,0,1,1,0,0,0,1,1,0,0,0,1,1,1,0,0,0,0,0,1,0,0,0,0,0,0,1,0
"E009",1,1,1,1,1,0,0,1,1,0,0,1,1,0,0,1,0,0,1,0,1,1,1,0,1,1,0,1,0,0,0,1,0,0,0,1,1,0,0,0
"E010",1,0,1,1,1,1,1,0,0,0,0,0,1,0,1,1,1,0,0,1,0,0,1,0,0,0,0,1,1,0,1,1,0,0,1,1,0,0,0,0
"E011",1,0,0,1,0,1,0,0,0,1,0,0,1,0,0,0,1,0,1,0,0,1,1,0,0,0,0,0,1,0,1,1,0,1,0,1,1,1,1,0
"E012",1,0,0,1,0,1,0,1,1,0,1,1,1,1,0,1,0,0,1,0,1,0,1,0,0,0,0,1,0,0,1,0,0,0,0,1,1,0,0,0
"E013",1,1,0,0,1,0,0,0,0,0,0,0,1,0,0,1,0,0,1,0,0,1,1,0,1,1,1,0,1,0,0,1,0,0,1,1,0,1,0,0
"E014",1,1,0,0,1,1,0,1,0,0,1,1,0,1,0,1,0,0,1,0,0,1,1,0,1,1,1,1,1,0,0,1,0,0,0,1,0,0,0,0
"E015",1,0,0,0,0,1,1,0,0,0,0,0,0,0,0,0,0,0,0,0,0,0,1,0,1,0,0,0,0,0,0,0,0,0,0,0,0,0,0,0
"E016",1,1,1,1,1,1,1,1,1,0,0,1,1,1,0,1,0,0,1,1,0,1,1,1,1,1,1,1,1,0,0,0,0,0,0,1,1,1,1,0
"E017",1,0,1,1,1,0,1,1,0,0,1,1,1,0,0,1,1,1,0,1,0,0,0,0,1,0,0,1,0,0,0,1,0,0,1,0,1,0,0,0
"E018",0,0,1,1,0,0,1,0,1,0,0,1,1,0,0,1,0,0,1,1,0,0,1,0,1,1,0,0,0,0,0,0,1,1,0,0,1,1,0,0
"E019",0,0,0,1,0,0,1,0,0,1,0,1,0,1,0,0,0,0,1,1,0,1,0,0,1,0,0,1,0,0,0,1,0,0,1,1,1,0,0,0
"E020",1,0,1,1,1,1,1,0,0,1,0,1,0,1,0,1,1,0,0,0,0,1,1,1,1,0,1,1,1,0,0,0,1,0,1,1,1,1,1,0
"E021",1,0,0,1,0,1,0,0,0,1,0,0,1,1,0,0,0,0,1,1,0,1,1,0,0,1,0,1,0,0,0,1,0,0,0,0,1,0,0,0
"E022",1,0,0,1,0,1,0,0,1,0,1,1,0,0,0,1,0,0,1,1,1,1,0,1,0,0,1,1,0,0,0,0,0,0,0,1,0,1,0,0
"E023",1,0,0,0,0,1,0,0,0,0,0,0,1,1,0,1,1,0,0,1,0,0,0,0,0,0,0,0,0,0,0,1,0,0,0,1,0,0,0,1
"E024",1,1,1,1,1,1,1,1,1,1,1,1,1,0,0,1,1,1,1,1,0,0,1,1,1,1,1,1,1,1,1,1,1,1,1,1,1,1,0,1
"E025",1,1,0,1,0,0,1,1,0,1,0,0,0,1,1,0,0,0,1,0,1,0,0,0,1,0,0,1,1,0,1,1,0,0,0,1,0,0,1,0
"E026",1,0,0,1,1,1,1,1,1,1,0,1,1,1,0,1,0,1,1,0,1,0,1,1,1,1,0,1,1,0,1,1,0,1,1,0,1,1,1,1
"E027",0,1,0,0,0,1,1,1,1,1,0,0,1,0,1,1,1,1,1,1,0,1,1,0,0,1,1,1,0,1,0,1,1,0,1,1,1,1,1,0
"E028",1,1,0,1,1,1,1,0,1,1,0,1,1,1,1,0,1,1,0,1,0,0,0,0,1,1,1,0,0,0,1,1,0,0,0,1,1,1,1,1
"E029",0,1,1,1,0,0,0,1,1,1,0,1,0,0,0,1,1,0,1,0,1,1,0,1,1,1,1,1,0,1,1,0,0,0,1,0,1,1,1,1
"E030",1,1,1,1,1,1,1,1,1,1,0,1,1,1,1,1,1,1,1,1,1,1,0,1,0,1,1,1,0,1,0,1,0,1,0,1,1,1,1,1
"E031",1,0,0,1,0,0,1,0,0,0,0,0,0,0,0,0,1,1,1,0,0,0,0,1,1,0,0,0,0,0,1,1,1,0,0,0,1,0,0,0
"E032",1,0,1,1,0,1,1,0,0,1,1,0,1,1,1,1,1,1,0,0,0,1,0,1,1,0,0,1,0,0,0,1,0,0,1,1,1,1,1,0
"E033",1,0,0,0,1,0,0,1,1,0,1,1,0,0,0,1,0,0,1,0,0,0,1,0,0,1,0,1,0,1,0,0,0,0,1,1,0,0,1,0
"E034",1,1,1,1,1,1,1,1,1,0,1,0,1,1,1,1,1,1,1,1,0,0,0,1,1,1,1,0,1,0,0,1,0,1,1,1,1,0,1,0
"E035",0,1,0,1,1,1,1,1,1,1,0,0,0,1,0,0,1,1,0,1,1,0,1,1,0,1,1,0,0,1,0,0,0,0,1,0,1,0,1,0
"E036",1,1,1,1,1,1,1,1,1,1,1,1,0,1,1,1,1,1,1,1,1,1,1,1,1,1,1,1,1,1,1,1,1,1,1,0,1,1,1,1
"E037",1,0,0,1,1,1,1,0,0,1,0,1,1,0,1,1,1,0,1,1,0,0,1,0,1,1,0,1,1,1,0,0,0,0,1,0,0,1,0,0
"E038",1,0,0,0,1,1,1,0,0,0,0,0,1,0,0,1,0,0,1,0,0,1,0,0,0,0,0,1,0,0,0,0,0,0,0,0,0,0,1,0
"E039",1,1,1,1,1,1,1,1,0,1,0,0,1,0,0,1,1,0,1,1,0,0,1,0,1,1,0,1,1,1,1,1,1,1,1,1,1,1,0,0
"E040",1,0,1,1,0,1,0,0,1,0,0,0,0,1,0,0,0,0,1,0,0,0,0,0,1,0,0,1,1,0,0,1,1,0,1,1,1,0,1,0
"E041",1,0,0,1,0,1,0,1,1,0,0,1,0,1,0,0,0,0,0,1,0,0,1,0,0,0,0,1,0,0,0,1,0,0,0,1,1,0,0,0
"E042",1,1,1,1,1,1,1,1,1,1,0,1,1,1,1,1,1,1,1,1,0,1,1,1,1,1,0,1,1,0,0,1,0,0,1,1,1,1,1,1
"E043",1,1,1,1,0,0,1,0,0,0,0,1,0,1,0,1,0,0,1,1,0,1,0,0,1,1,0,0,0,0,1,1,0,0,1,1,1,0,0,0
"E044",1,0,0,1,1,0,1,0,1,0,0,1,0,0,0,1,1,1,1,1,0,0,0,0,0,1,0,1,1,0,1,1,0,0,0,1,0,1,1,1
"E045",1,0,0,1,0,1,0,0,0,1,0,0,0,0,0,0,0,0,1,0,1,0,1,1,1,0,1,1,0,1,0,0,0,0,0,0,1,1,1,0
"E046",1,1,1,1,0,1,1,1,0,1,1,1,1,1,0,1,1,1,1,1,1,0,1,1,1,1,1,1,1,1,1,1,0,0,1,1,1,1,0,0
"E047",1,0,1,1,0,1,1,1,1,0,0,0,0,0,1,1,1,1,0,1,0,0,0,1,0,1,0,1,0,1,1,1,0,0,0,1,1,1,1,0
"E048",1,0,1,1,0,1,0,1,0,1,1,0,0,0,1,1,1,1,1,1,1,1,0,0,1,1,0,1,0,0,0,1,0,0,0,1,0,0,0,0
"E049",1,1,0,1,1,1,1,1,1,1,0,1,1,0,0,1,1,0,1,1,0,1,1,1,0,1,1,0,0,1,1,0,0,0,0,1,0,1,1,0
"E050",0,1,0,1,1,1,1,1,1,1,1,0,0,1,0,1,1,1,0,1,0,0,1,1,1,1,0,0,0,0,0,1,0,0,0,1,1,0,0,1
"E051",1,0,1,1,0,0,0,0,1,1,0,1,0,1,0,0,0,0,0,1,1,0,0,0,0,1,1,0,0,1,0,0,0,1,1,1,0,0,1,0
"E052",1,1,0,1,0,0,1,0,0,1,0,1,0,0,0,1,0,0,1,0,0,0,0,1,0,1,0,0,1,1,1,1,0,0,0,1,1,0,0,0
"E053",1,1,0,1,0,0,1,0,1,0,0,1,0,0,0,0,0,0,1,1,0,1,0,0,0,1,0,0,0,0,0,1,0,0,0,1,0,1,0,0
"E054",1,1,0,0,0,1,1,0,1,1,0,1,0,0,0,0,1,1,0,1,1,0,0,1,0,0,0,0,0,1,0,0,0,0,1,1,1,1,0,0
"E055",1,0,0,1,1,0,1,1,1,0,0,0,0,1,0,1,1,0,0,0,0,1,0,1,0,1,0,0,1,0,0,0,0,1,0,0,1,1,1,1
"E056",1,0,0,1,1,1,1,0,0,1,0,1,0,0,0,1,1,0,1,1,0,1,1,0,0,0,0,1,0,0,0,1,1,0,0,0,0,0,1,0
"E057",1,0,0,0,0,1,0,0,0,0,1,0,0,0,0,1,1,0,0,1,0,0,0,1,1,1,0,1,1,0,0,0,0,0,0,1,1,0,0,0
"E058",1,0,0,1,0,1,1,0,0,1,0,0,0,0,0,1,0,0,1,1,0,1,0,0,1,0,0,1,0,0,0,0,0,0,0,1,0,0,0,0
"E059",1,1,1,1,1,1,1,1,1,1,0,1,1,1,1,1,0,1,1,1,1,0,1,1,1,1,1,1,1,1,0,1,1,0,1,1,1,1,0,1
"E060",1,0,1,1,0,0,0,1,0,0,0,1,1,0,0,1,0,0,1,1,0,0,1,0,0,0,0,0,0,0,0,0,0,0,0,0,1,0,0,0
"E061",1,1,1,1,1,0,1,1,0,1,0,1,0,0,1,1,0,0,1,0,0,1,0,1,0,1,0,1,1,0,1,0,0,0,1,0,1,0,0,0
"E062",1,1,1,1,0,1,1,0,1,0,1,1,1,1,0,1,1,0,0,1,0,1,1,1,1,1,1,1,1,0,1,1,0,0,1,1,1,1,1,0
"E063",1,0,1,1,1,1,1,0,1,1,1,0,0,1,0,0,0,0,1,0,0,1,0,1,0,1,1,0,0,1,1,1,0,0,1,1,0,1,0,0
"E064",1,0,0,1,1,1,0,0,0,0,0,1,0,1,0,1,1,0,0,0,0,0,0,0,0,1,0,0,0,0,0,1,0,0,1,1,1,1,0,0
"E065",1,1,0,1,0,0,0,1,1,0,0,0,1,0,1,0,0,1,1,0,0,0,1,0,1,1,1,0,0,0,0,1,0,0,0,1,0,1,0,0
"E066",1,0,1,1,0,1,0,0,0,0,1,0,1,0,0,1,0,0,0,1,0,1,0,0,0,1,0,1,0,0,1,1,0,0,0,0,0,0,1,0
"E067",0,0,0,0,0,1,0,0,0,0,0,1,0,0,0,0,0,0,0,1,0,0,0,0,0,0,0,1,0,0,0,1,0,0,0,1,0,0,0,0
"E068",1,0,1,1,1,1,1,1,1,0,0,1,1,1,1,0,0,1,1,1,0,1,1,1,1,1,1,1,0,1,1,1,0,1,1,1,0,1,0,0
"E069",1,1,0,1,1,0,0,0,1,1,0,1,0,1,0,1,0,0,1,0,1,0,0,1,0,0,1,0,0,1,0,1,0,0,1,0,1,1,1,0
"E070",1,1,0,1,1,0,1,1,1,0,0,1,1,1,0,1,1,1,0,1,0,1,0,1,0,1,1,1,1,0,0,0,1,0,0,0,1,1,0,0
"E071",1,1,1,1,1,1,1,0,1,0,0,1,0,1,0,0,1,1,1,1,1,0,1,0,1,1,1,1,0,1,1,1,0,0,0,1,1,0,0,1
"E072",1,1,0,1,0,1,0,1,0,1,0,1,1,0,1,0,0,0,1,1,0,0,1,1,0,0,0,0,0,0,1,1,1,0,1,1,1,1,0,1
"E073",1,1,0,1,1,1,1,1,1,0,1,1,1,0,0,0,1,1,1,0,1,1,1,1,1,0,1,1,1,0,1,1,0,0,0,1,1,1,0,0
"E074",1,0,0,0,0,0,0,0,1,0,0,0,0,1,0,1,0,0,1,1,0,0,1,0,0,0,0,1,0,0,0,0,0,0,0,1,0,0,1,0
"E075",1,1,0,1,1,1,1,1,1,0,0,1,0,1,0,0,1,1,1,1,0,1,1,1,1,1,1,0,0,1,1,1,0,1,1,1,1,1,1,0
"E076",0,0,0,0,1,0,1,0,1,1,0,0,1,1,1,1,0,0,1,0,0,0,1,0,0,1,0,0,1,0,1,0,0,0,0,1,1,0,1,0
"E077",1,0,1,1,1,1,1,1,1,1,1,1,1,1,1,1,1,1,1,0,1,1,1,1,1,1,0,1,1,1,1,1,1,1,1,1,1,1,1,0
"E078",1,1,0,1,0,0,1,0,0,1,0,1,1,1,1,1,1,1,1,1,0,0,1,1,0,1,1,0,1,1,0,1,0,0,1,1,1,1,0,1
"E079",0,0,1,1,0,0,0,0,0,1,0,0,1,0,0,1,0,1,1,0,0,1,0,0,0,0,0,0,0,1,0,1,0,0,1,0,0,0,0,0
"E080",1,1,1,0,1,1,1,1,1,1,1,1,0,0,0,1,0,1,1,1,0,1,1,0,1,1,1,1,1,1,0,1,0,1,1,0,1,1,0,0
"E081",1,0,0,1,0,0,0,0,0,0,0,1,0,0,1,1,0,0,1,1,0,0,0,0,1,1,0,1,1,0,0,0,0,0,0,1,0,0,0,0
"E082",1,1,1,1,1,0,1,1,1,1,0,1,1,0,1,1,1,0,1,1,1,0,0,1,1,1,0,1,1,1,0,1,0,0,1,0,1,1,1,1
"E083",1,0,0,1,0,0,1,0,0,0,0,1,0,0,0,1,0,1,0,1,0,0,1,0,0,0,0,1,0,0,0,1,0,0,0,0,0,1,0,0
"E084",0,0,0,1,0,0,1,1,1,0,0,0,0,0,0,0,0,0,0,0,0,0,1,1,0,0,0,1,0,0,0,1,0,0,1,0,0,0,0,1
"E085",1,0,0,1,1,1,0,0,1,1,0,0,0,1,0,1,0,1,1,0,0,1,1,1,0,1,0,1,0,0,0,0,1,0,1,1,0,0,1,0
"E086",1,1,1,1,1,1,1,1,1,1,1,1,1,1,1,1,1,1,1,0,0,1,1,1,1,1,1,1,1,1,1,1,0,0,1,1,1,1,1,0
"E087",1,0,1,1,0,1,1,0,1,0,0,0,0,0,0,1,0,0,1,1,0,0,0,0,1,1,1,1,1,1,1,1,0,1,1,1,0,1,0,0
"E088",1,0,1,1,1,1,1,0,0,0,0,0,1,0,0,1,0,0,1,1,0,0,0,1,1,1,0,1,1,1,1,0,0,0,0,1,0,0,0,0
"E089",1,0,0,1,1,1,1,1,0,0,0,1,0,0,1,1,0,1,1,1,0,1,1,1,1,0,1,1,1,1,1,1,0,0,1,1,1,1,0,0
"E090",1,1,1,1,1,1,1,1,1,1,1,1,1,1,1,1,1,1,1,1,1,1,1,1,1,1,1,1,1,1,1,1,1,0,1,1,1,1,1,1
"E091",1,0,0,0,0,0,1,0,0,0,0,1,1,1,0,0,0,0,1,1,0,0,0,0,0,1,0,1,0,0,0,1,0,0,1,0,1,0,0,0
"E092",1,0,1,1,1,1,1,0,1,0,1,1,0,1,1,1,1,1,1,1,0,1,1,1,1,1,1,1,1,1,1,1,0,1,1,1,0,1,0,0
"E093",1,0,0,1,1,1,1,0,0,0,0,1,0,0,0,0,0,1,0,0,0,0,1,0,0,1,0,1,0,0,0,0,0,0,1,0,1,0,1,0
"E094",1,1,1,1,1,1,1,1,1,1,1,1,1,1,1,1,1,1,1,0,1,1,1,1,1,1,1,1,0,1,1,0,1,0,0,1,1,1,1,1
"E095",1,0,0,0,0,1,0,0,0,0,0,0,0,0,0,0,0,0,1,1,0,1,1,0,1,1,0,0,0,0,0,0,0,0,0,0,1,0,0,0
"E096",1,0,0,1,0,0,1,0,0,1,0,1,0,1,1,1,0,0,0,1,0,0,1,1,1,0,0,0,1,0,0,0,0,0,0,1,1,0,0,0
"E097",1,0,0,1,1,0,1,0,0,0,0,1,1,1,0,1,0,1,1,1,0,0,0,0,1,0,0,1,0,0,0,0,0,0,0,0,1,1,0,0
"E098",1,0,0,1,0,1,1,1,0,0,0,1,0,0,0,0,0,0,1,0,0,0,1,1,0,1,0,1,0,0,1,0,0,1,0,1,0,0,0,0
"E099",1,0,0,1,0,0,1,1,0,1,0,1,0,0,0,0,1,0,1,1,0,0,0,1,0,0,0,0,1,0,0,1,0,0,0,1,0,0,0,0
"E100",1,0,0,1,1,0,0,1,0,1,1,0,0,0,1,1,1,1,1,1,0,1,0,0,1,1,0,1,1,1,0,1,0,1,1,1,0,0,1,0
"E101",1,1,1,1,1,1,1,1,1,1,0,1,1,1,1,1,0,0,1,1,0,0,1,1,0,1,1,1,0,1,1,1,0,0,1,1,1,1,1,1
"E102",1,0,0,1,1,0,1,0,1,0,0,0,1,0,0,0,1,1,1,0,0,0,0,0,0,0,0,0,0,0,0,1,0,0,1,0,0,1,0,0
"E103",1,0,0,1,0,1,1,0,0,1,0,0,1,0,0,1,0,0,1,1,0,0,0,0,0,1,0,1,0,0,0,1,0,0,0,1,0,1,1,0
"E104",1,0,0,1,1,0,0,0,1,0,0,1,0,0,0,0,0,0,1,0,0,0,1,0,1,1,0,1,0,0,0,1,0,0,0,1,0,1,0,0
"E105",1,0,1,1,0,1,1,1,1,1,0,1,1,1,1,1,0,0,1,1,1,1,1,1,1,1,0,1,0,1,1,1,0,0,1,1,1,1,1,1
"E106",1,0,0,1,1,1,1,0,1,0,0,1,0,0,0,1,1,1,1,1,1,0,0,1,1,0,1,1,0,1,0,1,0,1,1,0,1,0,0,0
"E107",1,1,0,0,0,1,0,0,1,0,0,0,0,0,0,0,0,0,0,0,1,0,0,0,0,0,0,0,0,0,0,0,0,1,0,0,1,0,0,0
"E108",1,1,1,1,1,1,1,1,1,1,1,1,1,1,1,1,0,1,1,1,1,1,1,1,1,1,1,1,1,1,1,1,0,1,1,1,1,1,1,1
"E109",1,0,1,1,0,0,1,0,0,0,1,1,0,0,0,1,0,0,1,0,0,0,0,0,0,0,0,0,0,0,0,1,0,0,0,0,1,1,0,0
"E110",1,0,0,1,1,0,0,0,1,0,0,0,1,1,0,1,0,1,0,1,0,0,1,0,0,1,0,0,1,0,0,0,0,0,0,1,1,0,0,0
"E111",1,0,1,1,0,0,0,0,0,0,0,0,0,1,0,0,0,0,0,0,0,0,1,1,0,0,1,0,0,0,0,0,0,0,1,1,0,0,0,0
"E112",1,0,1,1,0,0,1,0,0,1,0,0,0,0,0,0,0,0,1,1,0,0,0,0,0,0,0,0,0,0,1,0,0,0,0,0,0,0,1,0
"E113",1,0,1,1,0,1,1,1,0,1,0,1,1,0,0,1,0,0,1,1,0,0,1,1,1,1,1,1,0,0,0,1,0,0,0,1,1,0,0,0
"E114",1,0,1,1,1,1,1,1,0,1,1,1,1,1,0,1,1,0,1,0,0,1,0,1,1,1,1,1,1,1,0,0,0,0,0,1,1,1,0,0
"E115",1,1,1,1,1,1,1,1,1,1,0,0,0,0,0,1,1,1,1,1,0,1,1,1,0,0,0,1,1,0,1,1,0,0,0,1,0,1,0,0
"E116",1,0,0,1,0,1,1,0,1,1,0,1,0,0,0,1,0,0,1,1,0,0,0,0,1,0,0,1,1,0,0,0,0,0,0,1,0,1,1,0
"E117",1,0,1,1,1,1,1,1,0,0,1,1,1,0,1,0,0,0,1,1,0,1,1,0,1,0,0,1,1,0,0,0,0,0,0,1,0,0,1,1
"E118",1,1,1,1,1,1,1,1,0,1,0,1,1,1,0,1,0,1,1,1,0,0,1,1,1,0,1,1,1,1,0,1,0,1,1,1,1,1,1,0
"E119",1,1,1,1,1,1,1,1,1,1,1,1,1,1,1,1,0,1,1,1,0,0,1,1,1,1,1,1,1,1,1,1,0,1,1,1,1,1,1,0
"E120",0,0,0,1,0,0,0,0,0,0,0,0,0,0,0,0,0,0,0,1,0,0,1,0,0,0,0,0,0,0,0,0,0,0,0,0,1,1,0,1
"E121",1,1,1,1,0,1,1,1,1,1,1,0,1,1,1,1,1,1,1,1,1,0,1,1,1,0,0,1,1,1,1,1,0,0,0,1,1,1,1,1
"E122",1,1,1,1,1,0,1,1,1,1,0,0,1,1,0,1,1,0,1,1,1,0,0,0,1,1,0,1,1,1,0,1,1,0,1,1,1,1,0,1
"E123",1,1,1,1,0,1,1,1,1,0,0,0,1,0,0,1,0,1,0,0,1,0,1,1,0,1,0,1,0,0,0,1,0,1,1,1,1,1,1,0
"E124",1,0,1,1,0,1,1,1,1,0,0,1,1,1,1,0,1,0,1,0,0,1,1,1,1,1,1,1,1,1,1,1,1,1,1,0,1,1,1,0
"E125",0,1,0,0,0,0,0,0,0,0,0,0,0,0,0,0,0,0,1,0,0,0,0,1,0,1,0,0,0,0,0,0,0,0,0,1,0,0,0,0
"E126",0,1,1,1,0,1,1,0,1,1,0,0,0,1,1,1,1,1,1,0,1,0,1,0,1,1,0,0,0,0,1,1,0,0,1,1,1,1,1,0
"E127",1,1,1,1,0,0,1,1,0,1,0,0,1,0,0,0,0,1,1,1,0,0,1,1,1,1,0,1,0,0,0,1,0,0,1,0,0,1,0,0
"E128",1,0,0,1,0,0,1,1,1,1,0,0,0,0,1,1,0,0,1,1,0,1,1,0,1,0,0,1,0,1,0,0,0,0,0,0,1,1,0,0
"E129",1,1,0,1,1,1,1,0,1,1,1,1,0,1,1,1,0,0,1,1,0,0,1,0,1,1,1,1,0,1,0,0,0,0,0,1,1,1,0,0
"E130",1,1,1,1,1,1,1,0,0,0,0,1,1,1,0,0,1,1,1,1,1,0,1,0,1,1,0,1,0,0,1,1,1,0,0,0,0,1,1,1
"E131",1,0,1,1,0,1,0,0,1,1,0,0,0,0,0,0,0,0,1,1,1,1,1,1,1,1,0,0,0,0,0,0,0,0,0,0,1,1,0,0
"E132",1,1,1,1,1,1,1,1,1,1,1,1,0,0,1,1,1,1,1,1,1,1,1,1,1,1,1,1,0,0,1,1,1,1,1,1,1,1,1,1
"E133",1,1,1,1,1,1,1,1,1,0,0,1,1,1,0,1,1,0,1,0,1,1,1,0,0,1,0,1,1,0,0,1,0,0,0,1,1,1,0,1
"E134",1,0,0,1,0,0,1,0,1,1,0,1,1,0,1,1,0,0,0,1,0,1,0,0,1,1,0,1,1,0,0,0,0,0,1,1,1,1,0,0
"E135",1,1,1,1,0,1,1,1,0,0,0,1,1,0,1,1,1,1,1,1,0,0,0,0,1,1,0,1,0,0,0,1,0,0,1,1,1,1,1,0
"E136",1,0,0,1,0,1,0,1,0,1,0,1,1,0,0,1,0,1,1,0,0,0,1,0,1,1,0,0,1,0,1,0,0,0,1,1,1,0,0,1
"E137",1,1,0,1,0,1,0,0,0,1,0,0,0,0,0,0,0,0,1,1,0,0,0,0,0,0,0,1,0,0,0,0,0,0,1,0,0,1,0,0
"E138",1,1,1,1,0,0,0,1,0,1,1,1,1,1,0,1,0,0,1,1,1,0,1,0,0,0,0,1,1,0,0,1,0,0,0,1,1,0,1,0
"E139",1,1,1,1,0,1,1,1,1,1,1,1,1,1,0,1,1,0,1,1,1,1,1,1,1,1,0,1,1,1,1,1,0,1,1,0,1,1,1,1
"E140",1,1,0,1,0,0,0,0,1,1,0,1,0,1,0,1,0,0,1,1,1,0,0,0,0,1,1,0,0,0,0,1,1,0,1,1,0,0,1,0
"E141",1,1,0,1,1,1,0,0,1,1,0,1,1,1,1,1,0,0,0,0,0,1,1,1,1,1,0,1,0,0,0,1,0,0,0,1,1,1,0,0
"E142",1,1,0,1,0,1,1,1,1,0,0,0,0,1,0,1,1,1,1,0,0,1,1,0,0,1,1,0,0,1,0,1,1,0,1,0,1,1,0,0
"E143",1,0,1,1,1,1,1,1,1,1,1,1,0,0,0,0,1,1,1,1,0,1,0,1,0,0,0,1,1,0,1,1,0,1,0,1,1,1,1,0
"E144",0,0,0,1,0,0,1,0,1,0,0,0,0,1,0,0,0,0,0,0,0,0,0,0,0,0,0,0,0,0,0,0,0,0,0,1,1,0,0,0
"E145",1,1,1,1,1,1,0,1,1,1,1,1,1,0,0,1,1,1,1,1,1,0,1,1,1,1,1,0,1,1,0,1,1,0,1,1,0,1,1,0
"E146",1,0,1,0,0,1,0,0,0,0,0,0,0,1,0,1,1,1,1,1,1,0,0,0,0,0,0,0,0,0,0,1,0,0,0,1,1,0,1,0
"E147",0,1,1,1,1,1,1,1,1,1,1,0,1,0,0,0,1,0,1,1,0,0,1,1,1,1,1,1,0,0,0,1,0,0,0,1,1,1,0,0
"E148",1,1,1,1,1,1,1,0,0,0,1,1,1,1,0,1,0,1,1,1,0,1,1,1,1,0,0,1,0,1,1,1,1,1,0,1,1,1,0,0
"E149",1,1,1,1,0,1,1,1,0,1,0,1,0,0,0,1,1,0,0,1,0,0,1,1,1,0,0,1,0,0,0,1,0,0,1,1,1,1,0,0
"E150",1,0,0,0,0,0,0,0,1,0,0,1,0,1,0,1,1,1,1,0,0,0,0,0,0,0,0,0,0,0,0,1,0,0,0,1,1,1,0,0
"E151",1,1,1,1,0,1,1,1,0,1,0,0,0,0,1,0,1,1,0,1,0,1,1,1,1,0,1,0,0,0,0,1,0,1,1,0,1,1,0,0
"E152",1,0,0,0,1,1,1,0,1,1,1,1,0,0,0,0,1,1,1,1,0,0,0,1,0,1,0,1,1,1,0,1,0,0,0,1,1,0,0,0
"E153",1,1,0,1,0,1,1,0,0,0,0,1,1,0,1,0,1,0,1,1,0,1,0,0,1,1,0,1,0,0,0,1,0,0,1,0,0,1,1,1
"E154",1,0,1,1,1,0,1,1,0,1,0,1,0,0,0,0,1,1,1,1,0,0,1,0,1,0,1,1,1,1,1,0,0,0,0,1,0,1,1,0
"E155",1,0,1,1,1,0,1,1,1,0,0,1,0,1,1,1,1,0,0,1,0,1,1,1,0,1,1,1,1,0,1,0,0,1,1,1,1,1,0,0
"E156",1,0,1,1,1,1,0,0,1,0,0,1,1,1,0,1,0,1,1,0,0,1,1,0,1,1,0,1,1,1,1,1,0,0,0,1,1,0,0,0
"E157",1,0,0,1,0,1,1,0,1,0,1,1,0,0,1,1,0,1,0,1,1,0,0,1,0,0,0,0,0,0,0,0,0,0,0,1,0,1,0,0
"E158",1,1,1,1,1,1,0,1,1,0,0,0,0,1,0,0,1,0,1,1,0,0,0,0,1,1,0,1,1,0,1,1,0,0,1,1,1,1,1,1
"E159",1,0,0,1,0,1,1,1,0,0,0,0,0,0,0,1,1,1,1,0,0,0,1,0,1,1,0,1,1,0,0,0,0,0,1,1,1,1,0,0
"E160",1,1,0,0,1,1,0,0,0,0,0,1,0,0,0,1,1,1,1,1,0,0,0,1,1,0,0,1,1,1,0,1,0,1,0,1,1,1,1,0
"E161",1,0,1,1,1,0,1,0,1,1,0,1,1,1,0,1,1,1,1,0,1,0,1,1,1,1,1,1,1,0,0,1,0,0,1,1,1,1,1,1
"E162",1,0,0,0,0,0,0,0,1,0,0,1,0,0,0,1,0,0,0,1,1,0,1,0,0,1,1,1,0,0,0,0,0,0,0,1,0,1,1,0
"E163",1,0,0,0,1,0,0,0,1,0,1,0,0,0,0,1,0,1,1,1,0,0,0,0,0,0,0,0,1,0,0,0,0,0,0,0,1,0,1,0
"E164",1,0,1,1,0,1,1,1,0,0,1,0,0,0,1,1,0,0,1,1,0,0,0,1,0,0,1,1,1,0,1,1,1,0,1,1,1,1,0,0
"E165",1,0,0,1,0,1,0,1,1,1,0,1,0,0,0,0,0,1,1,0,0,0,1,0,0,1,0,0,0,0,0,1,0,1,0,1,0,1,1,0
"E166",1,0,0,1,1,1,0,0,0,0,0,1,1,0,0,0,1,0,1,1,1,0,1,0,0,1,0,1,1,0,0,0,0,0,1,0,1,0,1,0
"E167",1,1,1,1,1,1,1,1,1,1,0,1,1,0,0,0,0,1,1,1,0,1,1,0,1,1,0,1,0,1,0,0,1,0,1,1,0,1,1,1
"E168",1,0,1,1,0,1,0,0,0,0,0,0,1,1,0,1,0,0,1,0,0,1,1,0,1,0,0,1,1,0,0,0,1,0,1,1,1,1,0,0
"E169",1,0,0,0,0,1,1,0,0,1,0,0,0,0,0,0,1,0,1,0,0,1,1,0,0,1,0,1,0,0,0,1,0,1,1,1,1,0,0,0
"E170",1,0,1,0,1,1,1,0,0,1,0,1,1,1,0,1,1,0,1,1,0,1,1,0,0,1,0,1,1,0,1,1,1,1,0,0,0,0,0,0
"E171",1,1,1,0,1,1,1,0,1,1,0,1,0,0,0,1,0,0,0,1,1,1,1,1,1,0,0,1,0,0,0,1,1,0,1,0,1,0,1,1
"E172",0,1,0,1,0,0,0,0,1,0,0,1,0,0,0,1,0,0,0,1,0,1,1,0,0,0,0,0,0,0,0,1,0,0,0,1,1,0,0,0
"E173",1,1,1,1,1,1,1,0,1,1,0,1,1,1,1,1,1,1,1,1,1,1,1,1,1,0,1,1,0,1,0,1,0,0,1,1,1,1,0,0
"E174",1,0,0,1,1,0,1,0,1,1,0,1,1,1,0,1,1,0,0,0,0,0,1,1,0,0,1,1,0,1,1,0,0,0,1,1,1,1,1,0
"E175",1,0,1,1,0,1,0,1,1,1,0,1,0,1,1,1,1,1,1,0,0,0,1,0,1,0,0,1,0,0,1,1,0,0,0,0,1,1,0,0
"E176",1,1,1,1,0,1,0,1,1,1,0,0,0,0,0,1,1,1,1,1,1,0,0,0,1,1,1,1,1,0,0,1,0,1,0,1,0,1,0,0
"E177",1,0,1,0,1,1,1,1,1,0,0,0,1,0,0,1,0,0,1,1,0,0,1,1,1,0,0,0,0,0,0,1,0,0,0,1,0,1,1,0
"E178",1,1,1,1,1,1,1,0,0,1,0,0,1,1,1,1,0,1,1,0,1,1,0,0,1,1,1,1,0,1,0,1,0,0,1,1,1,1,0,1
"E179",1,1,1,1,1,1,1,1,1,1,1,1,1,1,1,1,1,1,1,1,1,0,1,1,1,1,0,1,1,1,1,1,1,0,1,1,1,1,1,0
"E180",1,0,1,1,1,1,1,1,1,1,0,0,0,0,1,0,1,0,1,1,0,0,0,0,1,1,0,1,1,1,0,1,0,0,1,1,1,0,0,0
"E181",0,1,0,0,0,0,1,1,0,1,0,1,0,0,1,1,0,1,1,0,1,0,1,0,0,1,1,1,1,0,0,0,0,0,0,1,0,0,1,0
"E182",1,1,1,1,1,1,1,0,0,0,1,1,1,1,1,1,0,0,1,0,1,1,1,1,1,1,0,1,0,1,0,1,0,0,1,1,1,1,1,1
"E183",1,1,1,1,1,0,1,0,0,1,0,1,1,0,0,0,1,0,0,1,0,1,0,0,1,1,0,1,1,1,0,1,0,0,0,1,1,1,1,0
"E184",1,1,1,1,0,1,1,1,1,0,0,1,0,1,0,1,1,1,1,0,0,0,1,1,1,1,0,1,1,1,1,0,1,0,1,1,1,0,1,1
"E185",1,1,1,1,1,0,1,0,1,0,0,0,0,1,0,1,1,0,1,0,1,0,0,1,1,1,0,1,0,1,0,1,0,0,0,1,0,1,0,0
"E186",1,0,0,1,1,0,1,1,1,0,0,0,1,0,0,1,0,0,1,1,0,0,1,0,1,1,1,1,0,0,0,1,1,1,1,1,1,1,1,0
"E187",1,0,1,1,1,1,1,1,1,1,0,1,1,1,0,1,1,1,1,1,0,0,1,0,1,1,1,1,1,1,1,1,0,0,1,1,1,1,1,0
"E188",1,1,1,1,1,1,1,1,1,0,1,1,0,1,1,1,1,0,1,1,0,1,1,1,1,1,1,1,0,0,1,1,1,1,0,0,1,1,1,1
"E189",1,0,0,0,1,1,1,1,1,0,0,1,0,1,0,1,1,0,1,1,0,0,1,1,0,1,1,0,1,1,1,1,0,0,1,0,1,1,0,0
"E190",1,0,0,1,0,0,0,0,0,0,0,1,0,0,0,1,0,0,1,0,0,0,1,0,1,0,0,0,0,0,0,1,1,1,1,0,1,0,1,0
"E191",1,1,1,1,1,1,1,1,1,1,1,1,1,1,1,1,1,1,1,1,1,1,1,1,1,1,1,1,1,1,0,1,1,1,1,1,1,1,0,0
"E192",1,0,1,1,0,1,1,0,0,0,0,1,1,0,0,1,1,0,0,1,0,0,0,0,0,0,0,0,1,0,0,1,0,0,0,1,1,1,0,0
"E193",1,1,1,1,1,1,1,1,0,0,0,1,0,1,0,1,1,1,0,0,0,1,1,1,1,0,1,1,1,1,0,1,1,1,1,1,1,1,1,0
"E194",1,1,0,1,1,1,1,1,1,1,0,0,0,1,0,1,1,1,1,1,0,1,1,1,1,1,0,0,1,1,1,1,0,0,1,1,1,1,1,0
"E195",1,0,0,1,1,1,1,1,0,1,0,0,1,0,0,1,0,1,1,0,0,1,1,0,0,0,0,1,0,0,0,1,0,0,1,1,1,0,1,0
"E196",1,0,1,1,1,1,1,1,0,1,1,1,0,1,0,1,1,1,1,1,0,1,1,1,1,0,0,1,1,1,1,0,0,0,1,1,1,1,0,1
"E197",1,0,1,0,0,0,0,1,1,0,0,0,0,0,0,1,0,0,1,1,0,0,1,0,0,1,0,1,1,0,0,1,0,0,0,0,0,1,0,0
"E198",1,0,0,1,1,1,0,0,1,0,0,0,0,1,1,1,1,0,0,1,0,1,0,0,0,1,1,1,1,0,0,1,0,0,0,1,1,1,0,1
"E199",1,0,1,0,0,1,0,0,0,1,0,0,0,0,0,0,0,1,0,0,0,0,0,1,0,0,0,0,0,0,0,0,0,0,0,0,1,1,0,0
"E200",1,0,1,1,0,1,0,1,1,0,1,0,0,0,1,1,1,0,1,1,0,0,0,0,1,0,1,1,0,1,0,1,0,0,0,1,1,1,1,0
"E201",0,0,1,1,0,1,1,1,0,1,0,1,0,0,0,1,1,0,1,0,0,0,0,0,0,0,0,1,0,1,0,1,0,0,0,1,1,0,0,0
"E202",1,0,1,1,1,1,1,1,1,0,1,0,0,1,1,1,1,1,1,1,0,1,1,0,1,1,1,1,1,0,0,0,0,0,0,1,1,1,1,0
"E203",1,0,0,1,1,0,1,0,1,0,0,0,0,0,0,1,0,0,1,0,1,1,0,0,1,1,0,0,0,1,0,1,0,1,1,0,0,1,0,0
"E204",1,0,0,0,0,0,1,0,0,0,0,1,1,0,0,1,0,1,0,1,0,0,0,0,1,0,0,0,0,0,0,0,0,0,0,0,0,1,1,0
"E205",1,1,1,1,0,1,1,1,0,0,0,0,1,0,0,0,1,1,1,0,1,0,1,0,1,0,0,1,1,1,0,0,0,0,0,0,0,1,1,0
"E206",1,1,1,1,1,1,1,1,1,1,1,1,1,1,1,1,1,1,0,1,0,1,1,1,1,1,1,1,1,1,0,1,1,0,1,1,1,1,1,1
"E207",1,0,0,0,0,1,0,0,0,0,1,1,0,0,0,1,0,0,1,0,0,1,0,0,1,1,0,1,0,0,0,0,0,0,0,1,1,1,0,1
"E208",1,0,0,1,1,1,1,0,0,0,0,0,0,0,0,0,0,1,1,1,0,0,1,1,0,1,1,0,1,0,0,0,0,0,0,1,0,0,1,1
"E209",1,1,1,1,1,1,1,1,1,1,0,1,1,1,1,1,1,1,1,1,1,0,1,0,0,1,1,1,1,1,1,1,0,1,1,1,1,1,1,0
"E210",1,1,1,1,1,1,1,1,1,0,1,1,1,0,1,1,1,1,1,1,0,0,1,1,1,1,1,1,1,1,1,1,1,0,0,1,1,1,0,1
"E211",1,0,0,1,0,0,1,0,1,0,0,0,0,0,0,0,0,0,1,0,0,0,0,1,1,0,1,0,0,0,0,0,0,0,0,0,1,1,0,0
"E212",1,1,1,1,1,1,1,1,0,1,0,1,0,1,0,1,0,1,1,0,1,0,0,1,0,0,1,1,1,1,0,1,0,0,0,1,1,1,1,0
"E213",1,0,1,0,1,1,0,1,0,1,0,0,1,0,1,1,1,0,1,0,1,0,0,1,0,1,0,1,1,0,0,1,0,0,0,0,0,1,0,0
"E214",1,0,0,1,0,1,1,0,0,0,1,0,0,0,0,1,1,0,0,0,0,0,1,0,1,0,0,1,0,1,0,1,0,0,0,1,1,1,1,0
"E215",1,0,0,1,0,1,1,1,0,1,0,0,0,0,1,0,0,0,0,1,0,0,1,0,0,0,0,1,1,1,1,1,0,0,1,1,1,1,0,0
"E216",1,0,0,1,0,1,1,1,1,1,1,1,1,0,0,1,1,1,0,0,0,1,1,1,1,1,0,1,1,1,0,1,0,0,1,1,0,1,1,0
"E217",1,0,0,1,0,1,1,0,1,1,0,1,1,1,0,1,0,0,1,1,1,0,1,0,0,1,0,1,1,0,1,0,0,0,0,1,1,1,1,1
"E218",1,0,1,1,1,1,1,1,1,1,1,1,1,0,1,0,1,0,1,1,0,0,1,1,0,1,1,1,1,0,0,1,1,0,1,1,1,1,1,0
"E219",1,1,1,1,1,1,1,1,1,1,0,0,1,0,1,1,1,0,1,1,0,0,0,0,1,1,1,1,0,0,0,1,1,1,0,1,1,1,0,0
"E220",1,1,1,1,1,1,1,1,1,1,1,1,1,1,0,1,1,1,1,1,0,0,1,1,1,1,1,1,1,1,1,1,1,0,1,1,1,1,1,1
"E221",1,0,0,1,0,0,1,0,0,0,0,1,0,1,1,0,0,1,1,1,0,0,0,1,1,1,0,1,0,0,0,1,0,0,0,1,1,1,0,0
"E222",1,0,0,1,0,1,0,0,0,0,0,0,0,0,0,0,0,0,0,0,0,0,0,0,0,0,0,1,0,0,0,1,0,0,0,0,0,0,0,0
"E223",1,0,0,1,0,0,1,0,1,0,0,1,0,0,0,1,1,1,0,1,0,0,0,1,0,1,0,1,0,0,1,1,0,0,0,0,1,1,1,0
"E224",1,1,0,0,0,0,1,0,1,1,0,0,0,0,0,0,1,0,0,1,0,0,0,1,0,1,0,0,0,0,0,0,0,0,1,1,1,1,0,0
"E225",1,0,1,1,0,1,1,0,0,0,0,0,0,0,0,1,0,1,1,1,0,1,0,0,1,1,0,0,0,1,0,0,1,0,0,1,1,1,0,0
"E226",1,1,1,1,1,1,1,1,1,1,0,1,1,0,1,1,0,0,1,1,1,1,1,0,0,1,0,1,1,1,0,1,1,0,1,1,1,1,0,0
"E227",1,1,0,1,0,0,1,1,0,0,1,0,1,0,0,1,0,1,0,0,0,1,1,1,1,0,0,1,1,0,0,1,0,0,1,1,1,0,0,0
"E228",1,0,0,1,0,0,0,0,1,0,0,1,0,0,0,0,0,0,1,0,0,0,1,0,0,1,0,1,1,0,0,1,0,0,0,1,0,0,0,0
"E229",1,1,1,1,1,1,1,1,0,1,1,1,1,1,0,1,0,0,1,1,0,0,1,1,0,1,0,1,0,0,0,1,0,0,1,0,1,1,1,0
"E230",1,1,1,1,0,1,1,0,1,1,1,0,1,0,0,1,1,1,1,1,0,0,1,0,0,1,1,1,1,0,1,0,1,1,0,0,1,1,1,0
"E231",0,0,0,1,0,1,1,0,0,0,0,1,0,0,0,1,0,1,1,0,0,0,1,0,0,1,0,1,1,1,0,1,0,0,0,0,1,0,0,0
"E232",1,0,0,1,1,1,0,0,0,1,0,0,1,0,0,1,0,0,1,1,1,1,0,0,1,0,0,1,0,0,1,0,0,1,1,1,1,1,0,0
"E233",1,1,0,1,1,0,1,1,1,1,1,0,1,0,0,1,1,0,1,1,1,0,1,0,1,1,1,0,1,0,0,1,0,0,0,1,0,1,0,0
"E234",1,0,0,1,1,0,0,1,0,1,0,1,0,1,0,1,0,0,0,0,1,0,0,0,0,1,0,0,0,1,0,1,0,0,0,1,1,0,1,0
"E235",1,1,1,1,0,0,0,0,0,0,1,0,0,0,1,0,1,0,0,1,0,0,1,0,1,1,0,1,0,0,0,1,0,0,1,0,1,0,0,0
"E236",1,1,1,1,0,1,1,0,1,0,0,1,0,1,1,1,1,1,1,1,1,1,1,1,1,1,1,1,1,0,1,1,0,1,0,1,1,1,1,1
"E237",0,0,0,1,0,0,0,0,0,0,0,0,0,0,0,0,0,1,1,1,0,0,0,0,0,0,0,0,0,0,0,0,0,0,0,0,0,0,0,0
"E238",1,1,1,1,1,1,1,1,1,0,0,1,1,1,1,1,0,0,1,1,1,0,1,0,0,1,0,1,0,1,0,0,1,0,1,1,1,1,1,0
"E239",1,0,1,0,0,0,1,1,1,1,0,0,1,1,1,0,0,0,1,0,0,0,1,1,1,1,1,0,0,1,0,0,1,0,1,1,1,1,1,0
"E240",1,1,1,1,1,1,1,0,1,1,0,0,1,0,0,1,0,1,0,1,1,1,1,0,1,1,1,0,1,1,0,1,1,1,0,1,1,1,0,1
"E241",1,0,0,0,0,1,1,0,1,0,1,1,1,0,0,0,1,1,1,1,0,0,1,0,1,1,0,1,1,0,0,1,0,0,0,0,0,1,0,0
"E242",1,0,0,1,1,1,0,0,1,0,0,0,0,1,1,1,1,1,1,1,0,0,1,0,0,1,0,1,1,1,0,1,0,1,1,0,1,1,1,0
"E243",1,0,0,1,1,1,1,1,1,1,1,1,0,0,1,1,1,1,1,1,0,1,1,1,0,0,0,1,0,1,1,1,0,0,1,1,1,1,0,1
"E244",1,1,1,1,0,1,1,1,0,1,0,1,1,1,1,0,1,0,1,1,0,1,0,0,1,1,1,1,1,1,1,1,1,0,1,1,1,0,1,0
"E245",1,1,0,1,0,1,1,0,0,1,0,1,0,0,0,0,0,0,1,0,0,1,0,1,0,1,0,1,0,0,0,1,0,0,1,0,1,0,0,1
"E246",1,0,1,1,1,1,1,0,0,0,0,0,1,0,0,1,0,0,1,1,0,0,1,1,0,0,0,0,0,0,0,1,0,0,1,1,0,1,1,0
"E247",1,0,1,1,1,1,0,0,0,0,0,0,0,1,0,1,0,0,1,1,1,1,1,1,0,0,1,1,0,1,1,1,0,1,1,0,0,1,0,0
"E248",1,1,0,0,1,0,1,0,0,0,0,0,1,0,0,1,0,0,1,1,0,0,0,1,0,1,1,1,1,0,0,0,0,0,1,0,0,0,0,0
"E249",1,1,0,1,1,1,1,1,1,1,0,1,1,0,0,1,1,1,1,1,1,0,1,1,0,1,1,1,1,1,1,0,1,1,1,1,1,1,0,1
"E250",1,0,0,0,1,1,1,0,0,0,0,1,0,1,1,0,0,0,1,1,0,1,0,1,0,0,0,1,0,0,0,0,0,0,1,0,1,1,0,0
"E251",1,0,1,1,0,0,1,1,0,0,1,0,1,1,1,1,0,1,1,1,0,0,0,0,0,1,0,1,1,0,0,1,0,0,0,1,1,1,1,0
"E252",1,0,1,1,1,1,1,1,1,1,1,1,1,0,0,1,0,1,1,1,0,1,1,0,1,1,1,1,1,1,1,0,0,0,1,1,0,1,1,0
"E253",1,1,1,1,0,1,1,0,1,1,0,1,0,1,1,1,0,0,1,0,1,1,1,0,1,1,0,1,1,1,1,1,1,0,1,0,0,1,0,1
"E254",1,1,0,0,1,1,1,0,0,1,1,1,0,0,1,1,0,1,0,1,0,1,1,0,0,1,0,1,0,0,1,1,0,0,0,1,1,1,0,1
"E255",1,1,1,1,1,1,1,1,1,1,1,1,1,0,1,1,1,0,1,1,0,1,1,1,1,1,1,1,1,1,1,1,1,0,1,1,1,1,1,1
"E256",1,0,1,1,0,1,0,1,1,1,0,1,0,1,0,1,1,0,0,0,1,1,1,1,1,1,1,1,1,1,1,1,0,0,1,0,1,1,1,0
"E257",1,0,0,1,1,1,1,0,1,1,0,0,0,0,0,0,0,0,1,0,0,0,1,1,0,0,0,1,0,0,0,1,0,0,0,1,1,0,0,0
"E258",1,1,0,1,1,0,1,1,1,1,1,1,1,1,1,1,1,1,0,1,1,1,1,1,1,0,0,0,1,1,1,1,0,0,1,1,1,1,1,1
"E259",1,0,1,1,1,0,1,0,0,0,0,1,1,0,0,1,0,1,1,0,0,0,1,1,1,0,0,1,1,0,0,0,0,0,1,1,0,0,0,0
"E260",1,0,0,1,0,0,0,1,1,1,0,1,0,0,0,1,0,0,0,1,0,0,1,0,0,0,0,1,0,1,1,0,0,0,1,1,0,1,0,0
"E261",1,1,0,1,0,1,1,1,1,0,0,0,0,1,1,0,1,1,1,1,0,1,1,1,0,1,1,1,1,1,1,1,0,1,1,1,1,0,0,1
"E262",1,0,1,1,1,1,1,1,1,1,0,1,0,1,1,1,0,0,1,1,0,0,1,0,1,1,0,1,0,1,0,1,0,1,1,1,1,1,0,1
"E263",1,0,0,1,1,0,0,0,0,0,0,0,0,0,0,0,0,0,1,1,0,0,1,0,0,1,0,0,1,0,0,0,0,0,0,0,1,0,1,0
"E264",1,0,0,1,1,1,1,0,1,1,1,1,0,1,0,1,1,1,0,1,0,0,0,0,0,1,0,0,1,0,0,0,0,0,1,0,1,1,0,0
"E265",1,0,1,1,0,0,1,1,0,1,0,0,0,0,0,0,1,1,1,0,0,0,0,1,0,0,1,0,1,0,1,1,0,1,1,1,1,1,1,1
"E266",1,0,0,1,1,0,1,0,0,0,0,0,1,0,0,0,1,1,0,1,0,0,1,0,1,0,0,0,0,0,0,0,0,0,0,0,0,0,0,0
"E267",1,0,1,1,1,0,0,1,0,1,0,1,1,0,0,1,0,1,1,0,0,0,0,0,0,1,0,1,0,0,0,1,0,0,1,1,0,0,0,0
"E268",1,0,1,1,1,1,1,0,0,1,0,0,0,1,1,1,1,1,1,1,0,0,1,1,0,1,1,1,1,0,0,1,0,1,1,1,1,1,1,1
"E269",1,1,1,1,1,1,1,1,1,1,1,1,1,1,1,1,1,1,1,1,1,0,0,0,0,1,1,1,1,0,1,1,0,0,1,0,0,1,1,1
"E270",0,0,0,0,0,1,1,0,0,0,0,0,0,0,0,1,0,1,1,0,0,0,1,0,0,1,0,1,1,0,0,1,1,0,0,1,0,0,1,0
"E271",1,1,1,1,1,1,1,0,0,0,0,1,0,0,0,1,1,0,1,1,0,1,1,1,1,0,0,1,0,0,0,1,1,0,1,1,1,1,0,0
"E272",1,1,0,1,1,1,1,0,1,1,0,0,0,1,1,0,0,1,0,0,0,0,1,1,1,0,1,1,1,1,0,0,0,0,0,1,1,0,1,1
"E273",1,0,0,1,1,1,1,1,0,1,0,0,0,0,0,1,1,0,1,0,0,1,1,0,0,1,0,1,0,0,0,1,1,0,0,1,1,1,0,0
"E274",1,1,1,0,1,1,1,1,1,0,0,0,0,1,1,0,0,1,1,1,1,1,1,1,0,0,1,1,1,1,0,1,0,0,1,1,1,1,1,1
"E275",1,0,0,1,1,1,1,1,1,1,0,1,1,0,0,1,1,0,1,1,1,0,1,0,1,1,0,1,1,1,0,1,0,1,0,0,1,1,0,0
"E276",1,1,0,1,1,1,1,1,0,0,1,1,1,0,0,1,1,0,1,1,0,0,0,1,1,1,1,1,0,0,0,1,0,0,1,0,1,1,0,0
"E277",1,1,1,1,1,1,1,0,1,0,0,1,0,0,0,1,0,1,1,1,1,0,1,1,1,1,0,1,1,0,1,1,0,0,0,1,1,1,0,0
"E278",1,0,0,1,1,1,1,0,0,0,1,0,1,0,0,1,0,1,0,1,0,0,1,0,0,0,0,1,0,0,0,0,0,0,0,0,1,1,0,0
"E279",1,0,1,1,0,1,1,0,1,0,1,0,1,0,1,1,0,1,1,1,0,0,0,0,0,0,1,1,0,0,1,1,0,1,0,1,0,0,1,0
"E280",0,1,0,1,0,0,0,0,0,0,0,0,0,1,0,1,0,0,1,0,1,0,1,0,0,1,0,1,1,1,0,0,0,0,0,1,1,1,0,0
"E281",1,0,0,1,1,1,1,1,1,1,1,1,1,0,0,0,1,1,1,1,0,1,0,1,1,1,0,1,1,0,0,1,0,1,1,1,1,1,1,1
"E282",1,1,1,1,1,1,0,1,1,1,1,1,1,1,0,1,1,1,1,0,1,0,1,0,1,1,1,1,1,1,0,1,1,0,1,0,1,1,1,1
"E283",0,0,0,0,0,0,0,0,0,0,0,1,0,1,0,1,1,0,0,0,0,0,0,0,0,0,0,0,0,0,0,1,0,0,0,0,0,0,0,1
"E284",1,0,1,1,1,1,0,1,1,0,0,1,1,0,0,1,0,0,1,1,0,1,1,0,1,0,1,1,0,0,0,0,0,0,0,1,1,1,1,1
"E285",1,0,1,1,0,0,1,1,0,0,1,1,1,0,0,1,1,1,0,1,1,0,0,1,0,1,0,0,1,0,1,1,0,0,1,0,1,1,1,0
"E286",1,1,0,0,0,0,1,0,1,0,0,1,0,1,0,0,0,0,1,1,0,1,1,1,0,1,0,1,1,0,1,0,0,0,0,1,1,1,0,0
"E287",0,0,1,0,1,1,0,1,1,1,0,1,0,1,1,0,0,0,0,1,0,1,1,1,0,1,1,0,1,1,0,1,0,0,1,1,0,1,1,0
"E288",1,0,0,1,0,1,0,0,1,1,0,0,0,0,0,1,1,1,1,1,0,0,0,0,1,1,0,1,0,0,0,1,1,0,0,1,1,1,0,1
"E289",1,1,1,0,1,1,1,1,1,0,1,1,0,0,1,1,0,1,1,1,1,1,1,1,1,1,0,1,0,1,1,0,0,0,1,1,1,1,1,1
"E290",1,0,1,0,1,1,1,1,1,0,0,0,1,1,0,0,1,1,0,1,1,0,1,0,1,0,0,1,0,0,0,0,0,0,1,0,0,0,0,0
"E291",1,1,1,1,0,1,1,1,1,1,1,1,1,0,1,0,1,1,1,1,1,0,1,1,1,0,1,1,0,1,1,0,0,1,1,1,0,0,1,0
"E292",1,0,0,0,0,1,1,1,0,0,0,1,1,0,0,1,1,1,1,1,0,1,1,1,0,0,0,1,0,0,0,0,0,1,0,1,0,0,0,0
"E293",1,1,1,1,1,1,1,1,1,1,0,1,1,1,1,1,1,0,1,1,1,1,0,1,1,1,1,1,1,0,1,0,1,1,1,1,1,1,1,0
"E294",1,0,1,1,1,1,1,1,0,0,0,1,1,0,0,0,0,1,1,0,0,1,1,1,0,1,0,1,1,1,1,1,0,0,1,1,1,1,0,0
"E295",1,1,0,0,0,1,1,0,1,0,0,1,0,0,0,1,1,0,1,1,0,0,1,0,1,0,1,0,1,0,1,0,1,0,0,0,0,0,0,0
"E296",1,1,1,1,1,1,1,0,1,1,1,1,1,1,0,1,1,0,1,1,1,1,1,1,1,1,1,1,0,1,1,1,1,0,1,0,1,1,1,1
"E297",1,1,0,1,0,1,1,0,1,0,0,0,1,1,0,0,0,1,1,1,0,1,0,1,0,1,0,0,0,0,0,0,0,0,0,1,0,1,0,0
"E298",1,0,0,1,1,1,1,0,1,1,0,0,1,1,0,1,0,0,1,1,0,1,1,1,1,0,0,1,0,0,1,1,1,0,0,0,1,0,1,0
"E299",1,1,1,1,1,1,0,1,1,0,0,0,0,0,0,1,1,1,1,1,0,1,1,1,1,1,1,0,1,0,0,1,0,0,1,1,1,1,0,0
"E300",1,1,0,1,0,1,1,0,1,0,0,0,0,1,0,1,1,0,1,0,0,0,1,0,1,0,0,1,1,1,0,0,0,0,0,1,0,1,0,1
"E301",0,0,0,1,0,1,1,1,0,1,0,1,1,0,0,1,1,0,1,1,0,1,0,0,1,1,1,0,0,0,1,1,0,0,1,0,0,0,0,0
"E302",1,1,0,1,1,0,0,0,0,1,0,0,0,1,0,1,1,1,1,1,0,0,1,0,0,1,1,1,0,0,0,0,0,0,0,1,0,1,0,0
"E303",0,0,0,0,0,0,0,0,1,0,0,1,0,1,0,1,0,0,0,1,0,0,1,1,1,0,0,0,0,0,0,0,0,0,1,1,0,1,0,0
"E304",1,0,1,1,1,0,1,0,1,0,0,1,0,0,0,1,0,1,1,1,0,1,1,0,1,1,1,1,1,1,0,1,1,0,1,1,1,1,0,1
"E305",1,1,0,0,0,0,0,0,0,0,0,0,0,0,0,1,0,0,0,1,0,1,0,0,0,0,0,0,1,1,0,0,0,0,0,0,0,0,0,0
"E306",1,0,1,1,0,0,0,0,0,1,0,1,0,0,1,0,0,0,0,1,0,0,0,0,1,1,0,1,0,1,0,0,0,0,1,1,0,1,0,0
"E307",1,0,0,1,1,1,0,1,0,0,0,1,0,0,0,0,0,0,0,1,1,0,0,1,1,0,1,1,1,0,0,1,0,0,0,1,1,0,1,0
"E308",1,0,1,1,1,0,1,1,0,1,1,1,0,0,1,1,1,1,1,1,1,1,1,1,1,1,1,1,0,1,1,1,1,0,1,1,1,1,1,0
"E309",1,0,1,1,0,0,1,1,0,0,1,1,1,0,1,1,0,0,1,1,1,0,1,1,1,1,1,1,0,1,0,1,0,0,1,1,1,0,0,1
"E310",1,0,1,1,1,1,1,1,1,0,0,1,0,0,1,1,1,1,0,1,0,0,0,0,1,1,1,1,1,1,1,1,0,0,0,1,0,1,1,0
"E311",1,0,0,1,0,1,0,1,0,0,0,1,1,0,0,1,0,0,0,0,0,0,1,0,1,1,0,1,0,0,1,0,0,0,0,1,1,0,0,0
"E312",1,0,0,0,0,1,0,0,1,1,0,1,1,0,0,1,0,0,1,1,0,0,0,1,0,1,0,1,1,0,0,1,0,0,0,1,0,0,0,0
"E313",1,1,1,1,1,0,1,1,1,1,0,1,1,1,1,1,1,1,1,1,0,0,0,1,1,0,0,1,1,0,1,1,1,1,1,0,1,1,1,1
"E314",1,0,1,1,1,1,1,1,0,1,0,1,1,1,1,1,1,1,0,1,1,1,1,0,0,1,1,1,1,1,0,1,0,1,1,1,1,1,0,1
"E315",1,0,0,0,1,1,0,0,0,0,0,1,0,0,0,1,0,0,1,0,0,0,0,0,0,0,0,1,0,0,0,0,0,0,1,0,0,0,0,0
"E316",0,0,0,0,0,0,1,0,0,0,0,0,0,0,0,0,0,0,1,0,0,0,0,0,0,0,0,0,1,0,0,0,0,0,0,0,0,0,0,0
"E317",0,0,0,0,0,0,1,0,0,0,0,0,1,0,1,1,0,0,1,1,0,0,0,0,0,0,0,1,1,0,0,0,0,0,0,0,0,0,0,0
"E318",1,0,0,1,0,1,0,0,1,1,0,0,0,1,0,0,1,0,1,0,0,0,0,1,0,0,0,0,0,1,0,1,0,0,1,0,0,0,1,0
"E319",1,1,1,1,1,0,1,1,1,0,1,1,1,0,1,0,1,1,1,1,1,1,1,1,1,0,0,0,1,0,0,1,0,0,0,1,0,1,0,0
"E320",1,1,0,1,0,1,1,1,1,0,0,1,1,1,0,1,1,0,1,1,0,0,1,1,0,1,0,1,1,1,0,1,1,1,1,0,0,1,1,0
"E321",1,1,0,1,1,1,1,1,1,1,0,1,1,1,1,1,1,1,1,1,1,1,1,1,1,1,1,1,0,0,1,1,0,1,1,1,1,1,0,0
"E322",1,1,1,0,0,0,0,1,1,1,1,0,1,0,1,1,0,1,1,1,0,0,1,1,0,1,0,1,1,0,0,1,1,0,1,1,1,1,1,0
"E323",1,1,0,1,0,0,1,1,0,0,0,1,0,1,1,0,1,0,1,1,0,0,1,1,0,1,1,1,0,0,0,1,0,0,0,0,1,0,0,0
"E324",1,1,1,1,1,1,1,1,1,1,1,1,1,1,0,1,1,1,0,1,0,1,1,1,0,1,1,1,0,1,0,1,0,1,1,1,1,1,1,0
"E325",1,0,0,1,1,0,1,0,0,0,0,1,0,1,0,1,0,0,0,1,0,0,0,1,0,0,0,1,1,1,1,0,0,0,0,0,1,1,1,1
"E326",1,1,1,1,0,1,1,1,1,0,1,1,1,0,0,1,1,0,1,1,1,0,0,0,1,1,1,1,1,1,0,1,0,0,1,1,1,1,1,0
"E327",1,1,1,1,1,0,1,1,0,1,0,1,1,1,1,1,0,0,1,1,0,1,1,0,1,1,1,1,1,1,1,0,0,0,1,0,1,1,0,1
"E328",1,0,0,1,0,1,1,0,0,1,0,1,1,1,1,0,0,0,1,1,0,0,0,1,0,1,0,0,1,0,1,1,0,1,1,1,1,1,0,0
"E329",1,1,0,1,0,1,0,1,0,1,0,0,0,1,0,1,1,1,1,0,1,0,0,0,0,1,1,1,0,1,1,0,0,0,1,1,0,1,0,1
"E330",1,0,0,0,0,1,0,1,1,0,0,0,1,0,1,0,0,1,1,1,0,0,0,1,0,1,0,1,0,0,0,0,0,0,1,0,1,1,1,1
"E331",1,0,0,1,0,0,1,1,0,0,0,0,0,0,0,0,0,0,1,1,0,0,1,0,0,0,0,0,0,0,1,0,0,0,0,1,0,0,0,0
"E332",1,1,0,1,1,0,1,1,1,0,1,0,1,1,0,1,0,1,0,1,0,1,1,1,0,1,1,1,0,0,1,1,0,1,1,1,1,1,1,1
"E333",1,0,0,0,0,0,1,0,0,1,0,0,1,1,0,1,1,0,0,1,0,0,1,0,1,1,0,0,1,1,1,1,0,0,0,1,1,0,0,0
"E334",1,0,0,0,1,1,0,0,0,0,0,1,1,0,0,0,1,1,1,1,0,0,0,0,0,0,0,1,0,0,0,0,0,0,0,1,0,1,0,0
"E335",1,0,0,1,1,1,1,0,0,1,1,0,0,1,0,1,1,0,0,0,0,0,1,0,0,1,0,1,0,0,0,1,0,0,1,0,1,1,0,0
"E336",1,1,0,1,1,1,1,1,1,0,0,1,0,0,0,0,0,0,1,0,1,0,0,0,1,1,0,1,0,0,1,0,1,0,0,1,0,0,0,0
"E337",1,0,0,1,1,0,0,1,1,1,0,0,1,0,0,1,0,0,1,0,1,0,1,1,0,0,0,1,0,1,0,0,0,1,0,1,0,1,0,1
"E338",1,1,0,1,1,0,0,1,1,0,0,0,0,0,1,1,0,1,1,0,0,0,0,0,0,0,0,0,0,0,0,1,0,0,1,1,1,0,1,0
"E339",1,1,1,1,0,0,1,1,1,0,0,1,1,0,0,1,0,1,1,0,0,0,1,1,1,1,0,1,0,1,0,0,0,0,1,1,0,0,0,1
"E340",1,1,0,1,1,1,1,1,1,0,1,1,1,1,0,0,1,1,0,1,0,0,1,0,1,1,0,1,1,1,0,1,1,0,1,1,1,1,0,1
"E341",1,1,1,1,1,1,1,0,1,0,0,0,0,1,0,0,1,0,1,1,0,0,0,1,1,1,1,1,1,1,0,1,0,0,1,0,1,1,0,0
"E342",1,1,0,1,1,1,1,1,1,1,0,0,1,1,0,1,0,1,1,1,0,0,0,0,0,0,0,1,1,0,0,1,0,1,0,1,1,1,0,1
"E343",1,1,1,1,1,1,1,1,0,1,0,1,1,1,1,0,1,1,1,1,0,1,1,1,0,1,1,1,0,1,1,1,1,1,1,1,1,1,1,1
"E344",1,0,0,0,1,0,0,0,1,0,0,0,0,0,1,0,1,0,1,0,0,0,0,0,1,1,0,0,0,0,1,1,0,0,0,0,0,0,0,0
"E345",1,0,0,1,0,1,1,0,1,0,0,1,1,1,0,0,0,1,0,1,1,0,0,1,0,1,0,1,0,0,0,1,0,0,0,0,1,1,0,1
"E346",1,1,0,1,1,1,1,0,0,0,1,1,1,0,1,0,0,1,1,1,1,1,1,0,0,1,0,1,1,1,0,1,0,1,1,1,1,1,1,0
"E347",1,1,1,1,1,0,1,1,1,1,1,1,1,0,1,1,1,1,1,1,0,0,1,1,1,1,1,1,1,0,0,1,0,0,1,1,1,1,1,1
"E348",1,1,1,1,1,1,1,1,1,0,0,1,0,1,1,1,1,1,1,1,0,0,1,1,1,1,1,1,1,1,1,1,1,1,1,1,1,1,1,1
"E349",1,1,0,0,0,0,0,0,1,1,1,1,0,1,0,1,0,1,0,1,0,1,1,0,0,0,0,1,1,0,0,1,1,0,0,0,1,1,0,0
"E350",1,1,0,0,1,1,1,1,1,1,0,1,1,0,0,1,0,0,1,1,0,0,1,0,0,1,0,1,0,1,0,1,0,0,1,1,1,1,0,0
"E351",1,0,1,1,1,0,1,1,1,0,0,1,0,1,0,1,0,1,1,0,1,1,1,1,1,1,1,1,1,1,1,1,1,0,1,1,0,1,1,0
"E352",1,0,0,0,0,0,1,1,1,0,0,1,0,0,0,0,0,0,1,1,0,0,0,0,1,1,1,1,1,0,0,1,0,0,0,1,0,0,0,0
"E353",1,1,1,1,1,0,1,1,1,1,1,1,0,0,1,1,1,0,1,1,0,1,0,1,1,1,1,1,1,1,1,1,0,1,1,0,1,1,0,1
"E354",0,0,1,0,0,0,1,0,1,0,0,1,0,0,0,0,0,0,1,1,0,0,0,1,1,1,0,1,0,1,0,0,0,0,0,0,0,1,0,0
"E355",1,1,0,0,0,0,1,0,0,0,0,0,0,0,0,0,0,0,1,0,0,0,0,1,0,0,0,0,0,0,1,1,0,0,0,0,1,0,0,0
"E356",0,0,0,1,1,0,0,1,1,1,0,1,0,0,1,1,1,0,1,1,0,0,1,0,1,0,0,0,1,1,0,1,0,0,1,1,0,1,1,1
"E357",1,0,0,1,1,1,1,1,0,1,1,1,1,0,1,1,1,1,1,0,0,1,1,1,1,1,0,1,0,0,1,1,1,0,0,1,0,1,0,0
"E358",0,0,1,0,1,1,1,1,1,1,0,0,1,0,0,1,0,0,0,1,0,0,1,0,0,1,0,1,0,0,0,0,0,0,0,1,1,0,0,0
"E359",1,0,1,0,0,0,0,1,0,0,0,1,0,0,0,1,0,0,0,0,0,0,0,0,0,0,0,0,0,1,0,1,0,0,0,1,0,0,0,0
"E360",1,0,0,0,1,1,0,1,1,0,0,0,0,1,0,0,0,1,1,1,0,1,0,0,1,1,1,0,1,0,0,0,0,0,0,0,0,0,0,0
"E361",1,0,1,0,1,1,0,1,0,0,0,1,0,1,0,1,0,1,1,1,0,1,0,1,1,1,1,1,0,1,1,0,0,0,1,1,1,1,0,0
"E362",1,0,0,0,1,0,0,0,1,0,0,0,0,0,0,0,0,0,1,0,0,0,0,0,0,0,0,0,0,0,0,0,0,0,0,1,1,0,0,0
"E363",1,0,0,0,0,1,0,0,0,1,0,0,0,0,1,0,0,0,1,0,0,0,0,0,0,1,0,0,0,0,0,0,0,0,1,1,0,0,0,0
"E364",0,0,0,0,0,1,1,0,0,0,0,1,1,0,1,0,0,1,0,1,0,1,0,1,1,1,0,1,0,0,0,0,0,0,0,1,1,0,0,0
"E365",1,1,1,1,1,0,1,1,1,1,0,1,1,1,1,1,1,1,1,0,1,0,1,1,1,1,1,1,1,1,1,0,0,1,1,1,1,1,1,1
"E366",1,1,1,1,1,1,0,1,1,1,0,1,0,0,1,1,1,1,1,0,0,0,1,1,1,1,1,1,1,1,1,1,1,0,1,1,1,1,0,1
"E367",1,0,0,1,0,0,0,1,0,0,1,0,1,1,0,1,0,0,0,1,0,0,0,1,0,0,0,1,0,0,0,1,0,0,0,0,1,1,0,0
"E368",1,1,1,1,0,1,0,1,0,0,1,0,1,1,1,0,0,1,1,1,1,1,1,1,1,1,1,1,1,0,0,1,0,0,1,0,1,1,1,0
"E369",1,0,0,1,1,1,1,0,1,1,0,1,1,1,1,0,0,1,1,0,0,0,1,1,0,0,1,1,1,1,1,1,1,0,1,1,1,1,1,1
"E370",1,0,0,1,0,1,1,1,0,0,0,1,1,1,1,1,0,1,0,0,0,1,1,0,1,1,1,0,0,0,0,1,0,0,0,1,1,1,1,0
"E371",1,1,1,1,1,0,1,1,0,0,0,1,1,1,1,0,1,1,1,1,1,1,1,1,1,1,1,1,1,0,0,1,0,0,1,1,1,1,0,0
"E372",1,1,1,1,1,1,1,1,1,1,0,1,1,0,1,1,1,1,1,0,0,0,1,1,0,1,0,1,1,0,0,0,0,0,1,1,1,1,0,0
"E373",1,0,1,1,1,1,1,1,0,0,0,1,1,0,0,1,0,0,1,1,0,0,0,0,1,1,0,1,1,0,0,1,0,0,0,1,1,1,1,0
"E374",0,1,0,1,0,1,0,0,0,0,0,0,1,0,0,0,0,0,1,1,0,0,0,1,0,1,0,0,0,0,0,0,0,0,0,0,1,0,0,0
"E375",1,1,1,1,1,1,1,1,1,1,0,1,1,1,1,1,1,1,1,1,1,1,1,1,1,1,1,1,1,1,0,1,1,0,1,1,1,1,0,0
"E376",1,1,0,1,1,1,0,0,1,1,0,1,1,0,0,1,0,1,1,1,0,0,0,1,1,1,0,0,0,0,0,1,0,0,0,0,1,0,0,0
"E377",1,1,1,0,1,1,1,1,0,1,1,0,1,1,0,0,0,0,1,0,0,1,1,1,0,0,1,0,0,1,1,1,0,0,1,1,0,0,0,0
"E378",0,0,0,1,0,0,0,0,0,0,0,0,0,0,0,0,0,0,0,0,0,0,0,0,1,0,0,0,0,0,0,0,0,0,0,0,1,0,0,0
"E379",1,0,0,1,1,1,1,1,0,0,0,0,1,0,0,0,1,0,1,0,1,0,1,0,1,1,1,1,0,0,0,0,0,0,1,1,1,0,1,0
"E380",1,1,1,1,1,1,1,1,1,1,0,0,1,0,0,1,0,0,1,1,0,0,1,1,1,1,1,1,0,0,0,1,0,0,1,0,1,1,1,0
"E381",1,0,0,1,1,1,1,1,1,1,0,1,0,0,1,1,1,0,1,1,0,0,1,1,0,0,1,1,1,0,0,1,0,1,1,1,1,1,1,0
"E382",1,1,0,1,1,1,1,0,0,0,0,0,0,0,1,0,1,1,1,1,1,1,1,1,1,1,1,1,0,1,0,0,0,0,1,1,1,1,0,0
"E383",1,0,0,1,0,0,0,0,0,0,0,0,1,0,0,1,0,0,1,1,0,1,0,0,0,1,0,0,0,0,0,0,0,0,0,1,0,1,0,0
"E384",1,1,1,1,0,1,1,1,1,1,1,0,0,1,0,1,0,0,1,1,0,1,1,1,1,1,1,0,1,1,0,1,0,1,1,1,1,0,1,0
"E385",0,1,1,1,1,1,1,0,0,0,0,0,1,0,0,0,0,0,0,1,0,1,0,0,1,0,0,0,0,0,0,0,0,0,0,0,1,1,0,0
"E386",1,0,0,0,0,0,0,0,1,0,0,0,0,0,0,0,0,0,0,0,0,0,0,0,0,0,1,1,0,0,0,0,0,0,0,1,0,0,0,0
"E387",1,1,1,1,1,1,1,1,1,0,0,1,0,1,0,0,1,1,0,1,0,0,1,1,1,1,1,1,0,1,1,1,0,0,1,1,1,1,0,0
"E388",1,0,0,1,1,1,0,1,1,1,0,1,1,0,0,0,1,1,1,0,0,0,0,0,1,1,1,1,0,0,0,1,0,0,0,1,1,0,1,1
"E389",1,1,0,1,0,1,1,0,0,0,0,1,0,1,0,0,0,0,1,1,0,0,0,1,1,1,0,0,0,0,0,1,0,0,0,1,1,0,0,0
"E390",1,0,1,1,1,1,1,0,1,1,0,1,1,0,1,1,1,1,1,1,0,1,1,1,1,1,0,1,1,0,0,1,0,0,0,1,0,1,1,1
"E391",1,0,0,0,0,1,0,0,0,0,0,0,0,0,0,1,0,0,1,0,0,0,0,0,1,0,0,0,0,0,0,0,0,0,0,0,0,0,0,0
"E392",1,1,1,1,1,1,1,1,1,0,1,1,0,1,1,1,0,1,0,1,1,1,1,1,1,1,1,1,0,1,1,0,0,1,1,1,0,1,0,1
"E393",0,0,0,0,0,0,0,0,0,0,0,0,0,0,0,1,0,0,0,1,0,0,0,0,0,0,0,0,0,0,0,0,0,0,0,0,0,0,0,0
"E394",1,1,0,1,1,1,1,1,1,1,0,1,1,1,1,0,0,1,0,0,0,1,1,1,0,1,1,1,0,0,0,0,0,0,0,1,1,1,1,0
"E395",1,0,1,1,1,1,0,1,0,1,0,1,0,1,0,1,0,0,1,1,0,0,1,0,0,1,0,0,1,0,0,0,0,0,0,1,0,1,1,0
"E396",1,0,1,1,0,1,1,1,1,1,1,0,1,1,0,1,0,1,0,0,1,0,1,0,0,0,0,0,1,0,1,1,0,0,1,0,1,1,0,1
"E397",1,0,1,1,1,1,0,0,1,1,0,1,0,0,1,1,1,1,1,0,0,1,1,0,1,0,1,0,1,0,0,1,0,0,0,1,1,1,1,0
"E398",1,1,0,1,1,1,0,1,0,1,0,1,0,0,0,1,0,0,1,1,0,0,1,1,0,1,0,0,1,0,0,0,0,0,1,1,1,0,1,0
"E399",1,1,1,1,1,1,1,1,1,0,0,1,1,1,1,0,0,1,1,1,1,0,0,0,1,0,1,1,1,1,0,1,1,0,1,1,1,1,1,0
"E400",1,1,0,1,0,1,1,1,0,0,0,1,1,1,1,1,1,1,1,1,0,0,1,1,1,0,0,0,1,0,0,1,0,0,0,1,1,1,1,1
"E401",1,1,1,1,1,1,1,1,1,1,0,1,0,1,1,1,1,0,1,0,1,0,1,1,0,1,1,1,1,1,0,1,1,0,1,1,0,1,1,0
"E402",1,1,0,1,1,0,0,1,0,0,0,1,0,1,1,1,1,1,1,1,1,1,1,0,0,1,1,0,1,1,1,1,0,0,0,0,1,1,0,1
"E403",1,0,0,0,0,1,1,0,0,0,0,1,1,0,0,0,1,0,1,1,0,0,1,0,0,1,0,0,0,0,0,1,0,0,0,1,0,0,0,0
"E404",1,1,1,1,1,1,0,0,1,1,0,0,1,1,0,1,1,1,0,1,1,1,0,0,0,0,0,1,0,0,0,1,0,0,0,1,1,0,1,0
"E405",1,0,0,0,0,0,0,0,0,0,0,1,1,1,0,1,1,1,1,1,0,0,0,0,1,1,0,0,0,0,0,0,0,0,0,1,1,0,0,0
"E406",1,0,0,1,1,1,0,1,0,0,0,0,0,0,0,1,0,0,1,0,1,0,1,0,0,0,0,0,0,0,0,1,0,0,0,1,1,0,0,1
"E407",1,1,1,1,1,0,1,1,1,1,1,1,1,1,1,1,0,1,1,1,1,0,1,1,1,1,1,1,0,1,0,1,1,1,1,0,0,1,1,1
"E408",1,1,1,1,1,1,1,1,1,1,0,1,1,0,1,1,1,1,1,1,0,1,1,1,1,1,1,1,1,1,0,1,1,0,1,1,1,1,0,0
"E409",1,0,1,1,1,1,1,0,1,0,0,0,0,0,0,0,0,0,1,1,1,1,1,0,0,0,1,0,1,1,0,1,0,0,0,0,1,0,1,0
"E410",1,1,1,1,1,0,0,0,1,0,0,0,0,0,0,1,0,1,0,0,1,1,0,0,0,0,0,1,0,0,0,1,1,0,1,0,1,0,1,0
"E411",1,0,1,1,0,1,1,1,1,0,0,1,1,0,1,0,1,1,1,0,1,0,1,1,1,1,1,0,1,0,0,0,1,0,1,0,1,1,1,0
"E412",1,0,1,0,0,1,0,0,0,0,0,1,0,0,0,0,1,0,1,1,1,0,0,0,0,1,0,1,0,0,0,0,0,0,0,1,0,0,0,0
"E413",1,0,1,1,0,0,1,1,0,1,1,1,1,0,0,1,1,0,0,1,0,0,1,0,1,1,1,1,1,0,0,1,0,0,0,0,1,1,1,0
"E414",1,0,1,1,1,1,1,1,1,1,0,1,0,1,0,0,1,0,1,1,1,0,0,0,1,1,1,1,1,0,0,0,0,0,1,0,0,1,1,1
"E415",1,1,1,1,1,0,1,1,1,1,0,1,0,1,0,1,1,0,1,1,0,0,0,0,1,1,1,1,1,1,1,0,0,0,1,1,1,1,1,1
"E416",1,0,1,0,0,1,1,1,0,1,0,0,1,1,1,1,0,0,1,0,0,0,1,0,1,0,0,0,1,0,0,0,0,0,0,1,0,0,0,0
"E417",1,1,1,1,1,1,1,1,0,0,1,1,0,1,1,1,1,0,1,1,1,1,1,1,1,1,0,1,0,0,0,1,0,0,1,1,1,1,0,1
"E418",1,0,1,1,0,1,1,1,1,1,1,1,0,1,1,1,1,1,1,1,1,0,0,1,1,1,1,1,0,1,0,1,1,0,1,1,0,1,1,1
"E419",1,1,1,1,1,1,1,1,1,1,0,0,1,1,0,1,1,0,1,1,0,0,0,0,1,1,0,1,1,1,1,1,0,0,0,1,1,1,1,1
"E420",1,1,0,0,0,1,1,0,0,1,0,0,0,0,0,0,1,0,1,1,0,1,1,0,1,0,0,1,1,0,0,1,0,0,1,1,1,0,0,0
"E421",1,1,1,1,1,1,1,1,1,1,0,0,0,0,1,1,1,1,1,1,0,0,1,1,1,1,1,1,1,1,0,0,0,1,1,1,1,0,0,0
"E422",1,0,0,1,0,1,1,1,1,0,0,1,1,1,0,1,0,1,1,0,0,0,1,0,1,0,0,1,0,1,1,1,0,0,1,0,0,1,1,0
"E423",1,1,1,1,1,1,1,1,0,1,1,1,1,0,1,1,1,1,0,1,1,1,1,0,1,0,1,1,1,1,1,1,0,0,0,0,1,1,1,1
"E424",1,0,1,1,1,1,1,0,1,1,0,1,0,0,0,1,0,1,0,1,0,1,1,1,1,1,0,1,0,1,0,0,0,0,0,0,1,1,0,1
"E425",1,0,1,1,0,1,1,1,1,0,1,1,1,0,1,1,1,1,1,1,1,1,1,1,1,1,0,1,1,0,1,1,0,0,0,1,1,1,1,1
"E426",1,1,1,0,1,1,1,1,1,1,1,1,1,1,0,1,1,0,1,0,0,0,1,1,1,0,1,1,1,0,1,1,0,1,1,0,0,1,0,0
"E427",0,1,0,0,0,1,1,0,0,0,0,0,0,0,0,0,0,0,1,1,0,0,1,0,1,1,0,1,0,0,1,1,0,0,0,1,1,1,1,0
"E428",0,0,0,1,0,1,1,0,0,0,0,0,1,0,0,0,0,0,0,0,0,0,0,0,0,0,0,0,0,0,0,0,0,0,0,0,0,0,0,0
"E429",1,0,0,1,0,1,1,1,1,0,0,0,1,0,0,1,0,1,0,1,0,0,1,0,1,0,1,0,1,0,0,1,0,0,1,1,1,0,1,1
"E430",1,0,0,0,1,1,0,1,0,0,0,1,1,0,0,1,0,1,1,1,0,0,1,0,1,1,1,0,0,0,0,1,1,0,0,0,1,0,0,0
"E431",1,0,1,1,0,0,0,1,1,1,0,1,1,0,0,1,0,0,1,1,0,0,1,0,1,1,1,0,1,1,0,1,0,0,1,1,0,1,1,0
"E432",1,0,1,1,1,1,1,1,1,1,0,1,1,1,1,1,0,1,1,1,0,1,1,1,1,1,1,1,1,1,0,1,0,1,1,1,1,1,1,0
"E433",1,1,1,1,1,1,1,0,1,1,1,1,1,1,1,1,1,1,1,0,0,1,1,0,1,1,1,1,1,1,1,0,1,0,1,0,1,1,1,0
"E434",1,0,1,1,1,1,1,1,1,0,0,1,1,1,1,1,1,1,1,1,0,0,1,0,1,1,0,1,1,0,1,1,0,0,1,1,1,0,0,0
"E435",1,1,0,1,1,1,1,1,1,1,0,1,0,0,0,0,1,1,1,1,1,1,0,1,0,1,0,0,0,1,1,1,0,1,1,1,1,1,0,0
"E436",1,0,0,1,0,0,0,0,0,0,0,0,0,1,0,0,0,0,0,0,0,0,0,0,0,0,0,1,0,0,0,0,0,0,0,0,0,0,0,0
"E437",1,1,1,1,1,1,0,1,0,1,1,1,1,0,0,1,0,1,1,0,0,1,0,0,1,1,0,1,1,0,0,1,0,0,0,1,1,1,0,0
"E438",1,0,0,1,0,0,0,0,0,0,0,0,0,0,0,0,0,0,0,0,0,0,1,0,0,0,0,0,0,0,0,1,0,0,0,1,0,0,0,0
"E439",1,1,1,1,0,1,0,0,1,0,1,0,0,1,1,1,1,0,1,0,0,0,1,0,0,1,0,0,0,0,0,1,0,0,0,1,1,1,0,0
"E440",1,0,1,1,1,0,1,1,1,1,1,1,0,1,1,1,1,1,1,1,0,0,0,1,1,0,1,1,0,1,1,1,0,0,1,1,1,1,1,0
"E441",1,1,1,1,0,1,1,0,1,0,1,0,0,1,0,0,0,1,1,1,0,1,1,0,1,1,1,1,1,1,0,0,0,0,1,1,1,1,1,0
"E442",1,0,0,1,1,1,1,0,1,0,0,1,0,0,0,1,1,0,1,1,0,0,1,1,1,0,0,1,0,1,0,1,0,0,0,0,1,1,0,0
"E443",1,0,0,1,1,0,1,1,0,0,0,0,1,1,0,1,1,0,1,0,0,0,0,0,1,0,0,0,1,1,0,1,0,0,1,1,0,0,1,0
"E444",1,0,0,1,0,0,1,0,0,0,0,1,0,1,0,1,0,1,1,1,1,0,0,0,0,1,0,1,1,0,0,0,0,0,0,0,0,0,0,0
"E445",1,0,1,1,1,0,1,1,1,1,0,0,1,1,0,1,0,1,1,1,0,1,0,0,1,1,0,1,0,1,0,1,1,0,0,1,1,1,0,1
"E446",1,1,1,1,0,0,1,0,0,0,0,0,0,1,0,0,0,0,0,0,0,0,0,0,0,1,1,0,0,0,0,0,0,0,0,0,0,0,0,0
"E447",1,1,1,1,1,1,1,1,0,0,1,1,1,1,1,1,1,1,1,1,1,1,1,1,0,1,1,1,1,1,0,1,1,1,1,1,1,1,0,1
"E448",1,0,1,1,0,1,1,1,0,1,0,0,1,0,0,1,1,1,1,1,1,0,1,0,1,0,0,1,1,0,0,1,0,0,0,1,1,0,1,1
"E449",1,1,1,1,1,0,1,0,1,1,1,1,1,0,1,1,0,1,0,1,0,1,1,0,1,1,0,1,1,0,0,0,0,0,1,1,1,1,0,1
"E450",0,0,0,0,0,0,0,1,0,1,0,0,0,0,0,0,0,0,0,0,0,0,0,0,1,0,0,0,0,0,0,0,0,0,0,0,0,0,0,0
"E451",1,0,1,1,0,1,1,1,0,1,0,1,1,0,0,1,0,0,1,1,1,1,1,0,0,1,0,1,1,0,0,1,0,0,0,1,1,1,1,1
"E452",1,1,1,1,1,1,1,1,0,1,1,1,0,1,1,1,0,1,1,1,1,0,0,0,1,1,1,1,1,1,0,0,1,0,1,1,1,1,1,1
"E453",1,0,0,0,1,1,0,0,1,0,0,1,0,0,0,1,0,0,1,1,1,0,0,1,1,1,0,1,1,1,1,0,0,0,1,1,1,0,1,0
"E454",1,0,0,1,1,0,1,0,1,0,0,1,1,0,1,1,0,0,1,1,1,1,0,1,1,1,0,1,0,0,0,1,0,0,0,1,1,1,0,0
"E455",1,1,1,1,0,1,1,1,1,1,1,1,1,1,1,1,1,1,1,1,1,1,1,1,1,0,0,1,1,0,1,1,1,0,0,1,1,1,1,0
"E456",1,1,1,0,1,1,1,1,1,0,1,1,1,0,0,1,0,0,0,1,1,0,0,1,1,0,0,1,0,1,0,0,0,0,1,1,0,1,1,0
"E457",1,0,1,1,1,1,1,0,0,1,1,1,1,0,0,1,0,1,1,1,0,1,0,1,1,1,1,1,0,0,0,1,0,0,1,1,1,0,0,0
"E458",1,1,1,0,0,1,1,1,0,1,1,1,1,1,1,1,1,1,1,1,0,1,1,1,1,1,1,1,1,0,1,1,1,0,1,1,1,1,0,0
"E459",1,1,1,0,0,0,1,0,1,0,1,1,1,1,0,1,1,0,1,1,0,1,0,0,0,1,0,1,1,0,0,1,0,0,1,1,1,0,1,0
"E460",1,1,1,1,1,1,1,1,1,1,1,1,1,1,1,1,1,1,1,1,1,1,1,0,1,1,1,1,1,1,1,1,1,1,1,1,1,1,1,1
"E461",1,1,1,1,1,1,1,1,0,0,0,1,0,1,1,1,0,0,1,0,0,0,1,0,1,1,0,1,1,1,0,1,1,0,1,1,1,1,0,0
"E462",1,1,1,1,1,0,1,0,1,0,0,1,1,1,0,1,1,1,1,1,1,1,1,1,1,1,0,1,1,1,0,1,0,0,1,1,1,1,1,1
"E463",1,0,0,1,0,1,1,1,1,1,1,0,0,1,1,1,1,1,1,1,1,0,0,0,1,1,0,1,1,0,0,1,1,0,0,1,1,1,1,1
"E464",1,1,1,1,1,0,0,1,1,1,1,1,1,1,0,1,0,1,1,1,0,0,1,1,1,1,0,1,1,0,0,1,0,1,1,0,1,1,0,1
"E465",1,1,1,1,0,1,1,1,1,1,0,1,1,1,0,1,1,0,1,1,1,0,1,1,1,1,1,1,1,1,0,1,0,0,1,0,1,1,0,0
"E466",1,0,1,1,1,1,1,1,0,1,0,1,0,0,0,1,1,0,1,1,0,1,0,0,0,0,1,1,1,1,1,1,1,0,1,0,1,1,1,0
"E467",0,0,0,1,0,0,0,1,1,0,1,1,0,1,1,0,0,0,1,1,0,0,0,1,0,0,1,0,0,0,0,0,0,0,0,0,1,0,1,0
"E468",1,0,0,1,1,1,1,0,0,0,0,0,0,0,0,1,1,0,0,1,0,1,1,0,0,0,0,0,0,0,0,0,0,0,0,0,1,0,1,0
"E469",1,1,1,1,1,1,1,1,1,1,1,1,1,0,1,1,1,1,1,1,1,1,1,1,0,1,1,1,1,1,0,1,1,1,1,1,1,1,1,1
"E470",1,1,1,0,1,1,1,1,1,1,1,1,1,1,1,1,1,1,1,1,0,1,1,0,1,1,1,1,1,1,1,1,0,0,1,1,1,1,0,1
"E471",1,1,1,1,0,0,1,0,0,0,0,0,1,1,0,0,1,1,0,1,1,0,0,1,1,0,0,1,1,0,0,1,0,0,0,1,1,0,1,0
"E472",1,0,0,0,0,0,0,1,0,0,0,0,0,0,0,0,0,0,1,0,0,0,0,0,0,0,0,0,0,0,0,0,0,0,0,0,0,0,0,0
"E473",1,0,0,1,0,0,0,1,0,0,0,1,1,1,0,0,0,0,1,1,0,0,1,1,1,1,0,1,1,1,0,0,0,0,0,1,0,1,0,0
"E474",1,1,0,0,1,0,1,0,0,0,0,0,1,0,0,0,1,0,0,0,0,1,0,0,0,1,0,1,1,0,0,1,0,0,1,1,0,0,0,0
"E475",1,0,0,1,0,0,0,0,0,0,0,1,0,0,0,1,0,1,0,1,0,0,0,1,0,0,0,0,0,0,1,0,0,0,0,1,1,0,0,0
"E476",1,1,0,1,1,1,1,0,1,0,0,1,1,1,0,1,1,1,1,1,1,1,1,0,1,1,0,1,1,1,0,1,0,0,1,0,0,1,0,0
"E477",1,1,0,1,0,1,1,0,0,0,0,0,1,1,1,0,1,1,1,0,1,0,1,1,1,0,0,1,0,0,0,1,0,0,1,1,1,0,0,0
"E478",1,1,1,1,0,1,1,1,1,1,0,1,1,0,0,1,1,1,1,1,0,1,1,1,1,1,1,1,1,0,1,1,0,0,1,1,1,1,1,1
"E479",0,0,0,1,0,0,1,1,0,0,0,0,1,0,0,1,0,1,0,1,0,0,0,0,0,1,0,0,0,0,0,1,1,0,0,0,0,1,0,0
"E480",1,0,0,1,0,0,0,0,0,0,0,0,1,1,1,1,0,0,0,0,0,0,1,0,0,0,0,1,0,0,0,0,0,0,0,0,0,0,0,0
"E481",1,1,1,0,1,1,1,1,0,1,0,1,1,0,0,1,1,1,1,0,0,0,1,1,0,1,0,1,0,0,0,1,0,0,1,1,1,0,0,0
"E482",1,1,0,1,1,0,1,1,0,0,0,0,1,1,1,1,1,1,1,1,1,1,1,1,0,1,0,1,0,0,1,1,0,0,1,1,1,1,1,1
"E483",1,0,1,0,1,1,0,0,1,0,0,1,1,1,0,1,0,1,0,0,0,1,1,0,0,0,0,1,0,0,0,0,0,0,0,1,1,1,0,0
"E484",1,0,0,0,0,1,0,0,0,0,0,0,1,0,0,0,0,0,1,1,0,0,0,0,0,1,0,1,0,0,0,0,0,0,0,0,1,0,1,0
"E485",1,0,1,1,1,1,1,1,1,0,1,0,1,1,1,0,1,1,1,1,0,0,0,1,0,1,1,1,1,1,1,1,0,1,1,0,0,1,0,1
"E486",1,1,0,1,1,1,1,1,0,1,1,1,0,1,1,1,1,1,1,1,1,1,0,1,1,1,1,1,1,0,0,1,1,0,1,1,1,1,1,0
"E487",1,0,1,0,1,1,0,1,0,0,0,0,0,1,0,0,1,1,1,0,0,1,1,1,1,1,1,1,1,1,1,0,1,0,0,1,1,1,0,0
"E488",1,1,1,1,1,1,1,0,1,1,0,0,0,1,0,1,1,1,1,1,1,1,1,1,1,0,1,1,1,1,0,1,0,1,1,1,1,1,0,1
"E489",1,1,0,1,0,0,0,0,0,0,0,1,1,0,0,0,0,0,1,1,0,0,0,0,0,1,0,1,0,0,0,1,0,0,0,0,0,1,0,0
"E490",1,1,0,0,0,0,1,0,0,0,0,0,1,0,0,0,0,0,0,0,0,0,1,0,0,0,0,1,1,0,0,0,0,0,0,1,0,0,0,0
"E491",1,1,1,1,1,1,1,1,1,1,1,1,1,1,1,1,1,1,1,1,1,0,1,1,1,1,1,1,1,1,1,1,1,1,1,1,1,1,1,1
"E492",1,1,1,1,0,0,1,1,1,0,0,1,1,1,1,0,1,1,1,1,0,0,1,0,1,0,1,1,0,0,0,1,0,0,0,1,0,1,1,0
"E493",1,0,0,1,1,0,1,1,1,1,0,1,1,1,0,1,0,1,1,1,0,0,0,1,0,0,1,0,1,1,0,0,1,0,1,0,0,0,1,0
"E494",1,1,1,1,1,1,1,1,1,0,1,1,1,1,1,1,0,0,1,1,1,0,1,1,1,1,1,1,1,1,1,1,1,0,1,1,1,1,1,1
"E495",1,1,0,1,0,1,1,1,0,1,0,0,1,0,1,0,0,0,1,0,0,0,0,1,0,1,0,1,0,0,0,1,0,0,1,0,1,1,1,0
"E496",1,0,1,0,1,1,1,1,0,0,0,1,0,1,0,1,0,0,0,1,0,0,1,0,0,1,0,0,0,0,0,1,0,0,0,1,0,1,1,1
"E497",1,0,1,1,1,1,1,1,0,1,1,1,0,1,1,1,0,0,0,1,1,0,1,1,1,1,1,1,1,1,1,1,0,0,1,0,1,1,1,0
"E498",1,0,0,1,0,0,0,0,0,0,1,0,1,0,0,1,0,0,1,0,0,0,0,0,0,1,0,0,0,1,0,1,0,0,0,1,0,0,0,1
"E499",1,1,0,1,1,0,1,0,1,0,0,0,0,0,0,1,1,0,1,0,0,1,1,0,0,0,1,0,1,0,1,0,0,0,0,1,1,0,0,0
"E500",1,0,0,0,0,1,1,1,1,1,0,1,1,1,0,1,0,0,0,1,1,0,0,1,1,1,1,0,1,1,0,1,0,0,0,0,0,0,1,0
